<application>
  <component name="AppInspectionProfilesVisibleTreeState">
    <entry key="Default">
      <profile-state>
        <expanded-state>
          <State>
            <id />
          </State>
        </expanded-state>
        <selected-state>
          <State>
            <id>Android</id>
          </State>
        </selected-state>
      </profile-state>
    </entry>
  </component>
  <component name="CvsApplicationLevelConfiguration">
    <option name="PATH_TO_PASSWORD_FILE" value="$userdir/.cvspass" />
  </component>
  <component name="NodeJsLocalInterpreters">
    <local-interpreter path="D:/Program Files/nodejs/node.exe" />
  </component>
  <component name="WebServicesPluginSettings" SelectedPlatform="Apache Axis">
    <StubPackage>java</StubPackage>
    <StubUrl>http://10.100.32.41:8088/data-transfer/ws/RoadTransService?wsdl</StubUrl>
  </component>
</application>