<application>
  <component name="UpdatesConfigurable">
    <enabledExternalComponentSources>
      <item value="Android SDK" />
    </enabledExternalComponentSources>
    <option name="externalUpdateChannels">
      <map>
        <entry key="Android SDK" value="Stable Channel" />
      </map>
    </option>
    <ignoredBuildNumbers>
      <item value="183.6156.4" />
    </ignoredBuildNumbers>
    <knownExternalComponentSources>
      <item value="Android SDK" />
    </knownExternalComponentSources>
    <option name="LAST_BUILD_CHECKED" value="IU-183.4284.148" />
    <option name="LAST_TIME_CHECKED" value="1553225110274" />
    <option name="THIRD_PARTY_PLUGINS_ALLOWED" value="true" />
    <option name="UPDATE_CHANNEL_TYPE" value="eap" />
    <option name="SECURE_CONNECTION" value="false" />
  </component>
</application>